,learning_rate,L2_beta,test_cost,test_accuracy
0,0.00019885463931433714,5.482504002239889e-06,1.5361659526824951,0.3764705955982208
1,4.370897290760391e-05,0.0003165974743529922,1.9517978429794312,0.30588236451148987
