,learning_rate,L2_beta,test_cost,test_accuracy
0,0.02786427668140499,4.9250745561692466e-05,1.743514895439148,0.892405092716217
1,0.0003378236014225998,0.0038600614257651733,0.48487645387649536,0.8987341523170471
